symbol,total_market_cap_cr,price_band,last_updated
360ONE.NS,44497.4,—,2026-07-22
3BBLACKBIO.NS,,—,2026-07-22
3PLAND.NS,,—,2026-07-22
ABINFRA.NS,651.57,—,2026-07-22
ABLBL.NS,11394.52,—,2026-07-22
AMIRCHAND.NS,,—,2026-07-22
AGUL.NS,34.49,—,2026-07-22
AKCAPIT.NS,,—,2026-07-22
A2ZINFRA.NS,222.97,—,2026-07-22
AAATECH.NS,116.19,—,2026-07-22
AAKASH.NS,92.04,—,2026-07-22
AAREYDRUGS.NS,215.44,—,2026-07-22
AARNAV.NS,,—,2026-07-22
AARON.NS,246.08,—,2026-07-22
AARTIPHARM.NS,6100.03,—,2026-07-22
AATMAJ.NS,60.45,—,2026-07-22
ABCOTS.NS,448.39,—,2026-07-22
ABAN.NS,87.37,—,2026-07-22
ABANSENT.NS,,—,2026-07-22
ABMKNO.NS,,—,2026-07-22
ABSMARINE.NS,807.7,—,2026-07-22
ACCURACY.NS,75.43,—,2026-07-22
ACEINTEG.NS,19.54,—,2026-07-22
ACSTECH.NS,,—,2026-07-22
ADANIGREEN.NS,242513.75,—,2026-07-22
ADANIPOWER.NS,418381.45,—,2026-07-22
ATGL.NS,74963.05,—,2026-07-22
BIRLAMONEY.NS,761.8,—,2026-07-22
ABSLAMC.NS,29010.26,—,2026-07-22
ABFRL.NS,6941.71,—,2026-07-22
CPPLUS.NS,40614.81,—,2026-07-22
ADVAIT.NS,2511.3,—,2026-07-22
ADVANCE.NS,718.52,—,2026-07-22
ADVENZYMES.NS,3505.41,—,2026-07-22
ADVANIHOTR.NS,482.25,—,2026-07-22
ADVENTHTL.NS,777.37,—,2026-07-22
AEQUS.NS,15241.08,—,2026-07-22
AEROFLEX.NS,5387.19,—,2026-07-22
AERONEU.NS,221.77,—,2026-07-22
AFCONS.NS,10663.92,—,2026-07-22
AGARIND.NS,719.1,—,2026-07-22
AGIIL.NS,4035.54,—,2026-07-22
AGNI.NS,101.19,—,2026-07-22
AGRITECH.NS,65.54,—,2026-07-22
AGROPHOS.NS,59.73,—,2026-07-22
AGSTRA.NS,28.31,—,2026-07-22
AHLADA.NS,49.2,—,2026-07-22
AHLUCONT.NS,5512.74,—,2026-07-22
AIRAN.NS,190.28,—,2026-07-22
AJMERA.NS,2446.17,—,2026-07-22
AKASH.NS,45.44,—,2026-07-22
AKG.NS,29.9,—,2026-07-22
AKI.NS,46.44,—,2026-07-22
AFIL.NS,413.8,—,2026-07-22
AKSHOPTFBR.NS,93.88,—,2026-07-22
AKSHAR.NS,33.07,—,2026-07-22
ALANKIT.NS,215.03,—,2026-07-22
ALBERTDAVD.NS,392.37,—,2026-07-22
ALEMBICLTD.NS,2274.83,—,2026-07-22
ALGOQUANT.NS,1878.28,—,2026-07-22
ALICON.NS,1058.38,—,2026-07-22
ALKALI.NS,79.76,—,2026-07-22
ALLETEC.NS,695.18,—,2026-07-22
ALLTIME.NS,1516.05,—,2026-07-22
ALLCARGO.NS,1205.71,—,2026-07-22
ATL.NS,677.99,—,2026-07-22
ADSL.NS,661.9,—,2026-07-22
ALMONDZ.NS,227.37,—,2026-07-22
ALOKINDS.NS,5978.15,—,2026-07-22
ALPA.NS,140.17,—,2026-07-22
ALPEXSOLAR.NS,2053.2,—,2026-07-22
ALPHAGEO.NS,126.18,—,2026-07-22
ALUWIND.NS,156.29,—,2026-07-22
AMAGI.NS,13236.7,—,2026-07-22
AMANTA.NS,648.45,—,2026-07-22
AMBALALSA.NS,238.02,—,2026-07-22
AMBER.NS,26376.76,—,2026-07-22
AMEYA.NS,90.86,—,2026-07-22
AMIABLE.NS,13.46,—,2026-07-22
AMNPLST.NS,1068.6,—,2026-07-22
AMJLAND.NS,151.66,—,2026-07-22
AMRUTANJAN.NS,1529.1,—,2026-07-22
ARSSBL.NS,3264.32,—,2026-07-22
ACL.NS,448.88,—,2026-07-22
ANDHRAPAP.NS,1200.46,—,2026-07-22
ANDHRSUGAR.NS,1140.26,—,2026-07-22
ANGELONE.NS,28538.33,—,2026-07-22
ANIKINDS.NS,116.48,—,2026-07-22
APCL.NS,307.97,—,2026-07-22
ANKITMETAL.NS,20.6,—,2026-07-22
AHCL.NS,790.36,—,2026-07-22
ANLON.NS,316.52,—,2026-07-22
ANMOL.NS,57.43,—,2026-07-22
ANNAPURNA.NS,529.99,—,2026-07-22
ANSALAPI.NS,46.12,—,2026-07-22
ANTGRAPHIC.NS,11.63,—,2026-07-22
ANTHEM.NS,43751.89,—,2026-07-22
AWHCL.NS,1241.83,—,2026-07-22
ANURAS.NS,14244.7,—,2026-07-22
APARINDS.NS,54757.48,—,2026-07-22
APEX.NS,1225.47,—,2026-07-22
APLAPOLLO.NS,50614.35,—,2026-07-22
APOLLOPIPE.NS,2155.56,—,2026-07-22
APOLSINHOT.NS,311.16,—,2026-07-22
APTECHT.NS,534.03,—,2026-07-22
AQYLON.NS,737.59,—,2026-07-22
ARABIAN.NS,89.91,—,2026-07-22
ARCHIDPLY.NS,157.86,—,2026-07-22
ARCHIES.NS,46.52,—,2026-07-22
ARFIN.NS,1494.88,—,2026-07-22
ARIES.NS,442.15,—,2026-07-22
ARIHANT.NS,986.15,—,2026-07-22
AROGRANITE.NS,37.85,—,2026-07-22
ARSHIYA.NS,25.82,—,2026-07-22
ARTNIRMAN.NS,96.95,—,2026-07-22
AEPL.NS,375.8,—,2026-07-22
ARVEE.NS,171.01,—,2026-07-22
ASHAPURMIN.NS,6464.25,—,2026-07-22
ASHIKA.NS,,—,2026-07-22
ASHOKLEY.NS,89570.41,—,2026-07-22
ASHOKA.NS,3437.46,—,2026-07-22
ASHOKAMET.NS,35.27,—,2026-07-22
ASIANENE.NS,1703.86,—,2026-07-22
ASIANTILES.NS,1287.3,—,2026-07-22
AHLEAST.NS,257.96,—,2026-07-22
AHLWEST.NS,652.47,—,2026-07-22
ASTAR.NS,,—,2026-07-22
ASPIRE.NS,164.68,—,2026-07-22
ASALCBR.NS,1574.81,—,2026-07-22
ASTEC.NS,1499.04,—,2026-07-22
ASTRAL.NS,38438.47,—,2026-07-22
ASTRAZEN.NS,20077.5,—,2026-07-22
ATAM.NS,77.05,—,2026-07-22
ATLANTAELE.NS,12411.88,—,2026-07-22
ATLANTAA.NS,299.51,—,2026-07-22
ATLASCYCLE.NS,64.02,—,2026-07-22
ATMASTCO.NS,756.88,—,2026-07-22
ATUL.NS,18069.88,—,2026-07-22
AUBANK.NS,73383.89,—,2026-07-22
AURIGROW.NS,18.65,—,2026-07-22
AURIONPRO.NS,4566.99,—,2026-07-22
AUROIMPEX.NS,98.34,—,2026-07-22
APS.NS,1026.78,—,2026-07-22
AUTOIND.NS,377.75,—,2026-07-22
AVANTEL.NS,4378.12,—,2026-07-22
AVANTIFEED.NS,13528.51,—,2026-07-22
DMART.NS,260931.0,—,2026-07-22
ASMS.NS,216.25,—,2026-07-22
AVONMORE.NS,273.72,—,2026-07-22
AVPINFRA.NS,357.58,—,2026-07-22
AVROIND.NS,119.28,—,2026-07-22
AVTNPL.NS,1059.59,—,2026-07-22
AWFIS.NS,2033.11,—,2026-07-22
AXISBANK.NS,385276.55,—,2026-07-22
AXISCADES.NS,6575.29,—,2026-07-22
AXITA.NS,281.65,—,2026-07-22
AYE.NS,4333.95,—,2026-07-22
BNALTD.NS,,—,2026-07-22
BLKASHYAP.NS,1236.09,—,2026-07-22
STYLEBAAZA.NS,2154.95,—,2026-07-22
BABAFP.NS,86.61,—,2026-07-22
BAGFILMS.NS,97.85,—,2026-07-22
BAIDFIN.NS,152.56,—,2026-07-22
BAJAJCON.NS,6917.55,—,2026-07-22
BAJAJHIND.NS,4015.31,—,2026-07-22
BAJAJHFL.NS,71176.74,—,2026-07-22
BAJAJST.NS,,—,2026-07-22
BAJEL.NS,2135.42,—,2026-07-22
BALAJITELE.NS,1037.02,—,2026-07-22
BALAXI.NS,132.5,—,2026-07-22
BALKRISIND.NS,38947.61,—,2026-07-22
BALKRISHNA.NS,56.48,—,2026-07-22
BLIL.NS,,—,2026-07-22
BALMLAWRIE.NS,3018.22,—,2026-07-22
BALUFORGE.NS,4922.8,—,2026-07-22
BANCOINDIA.NS,9085.73,—,2026-07-22
BANDHANBNK.NS,27952.2,—,2026-07-22
BANG.NS,38.71,—,2026-07-22
BANKBARODA.NS,127086.23,—,2026-07-22
MAHABANK.NS,60894.04,—,2026-07-22
BANKA.NS,93.28,—,2026-07-22
BANARISUG.NS,4359.55,—,2026-07-22
BANSALWIRE.NS,4931.51,—,2026-07-22
BVCL.NS,91.61,—,2026-07-22
BASILIC.NS,1319.1,—,2026-07-22
BATLIBOI.NS,416.73,—,2026-07-22
BAWEJA.NS,154.33,—,2026-07-22
BCLIND.NS,1029.23,—,2026-07-22
BCPL.NS,116.73,—,2026-07-22
BEARDSELL.NS,108.22,—,2026-07-22
BEDMUTHA.NS,351.35,—,2026-07-22
BEEKAY.NS,,—,2026-07-22
BELLACASA.NS,320.23,—,2026-07-22
BLAL.NS,741.02,—,2026-07-22
BEML.NS,14463.13,—,2026-07-22
BENGALASM.NS,,—,2026-07-22
BERGEPAINT.NS,57886.21,—,2026-07-22
BESTAGRO.NS,538.75,—,2026-07-22
BEWLTD.NS,1874.71,—,2026-07-22
BFUTILITIE.NS,2207.7,—,2026-07-22
BGRENERGY.NS,2052.64,—,2026-07-22
BHAGCHEM.NS,3421.32,—,2026-07-22
BHANDARI.NS,96.89,—,2026-07-22
BBL.NS,2886.7,—,2026-07-22
BHARATCOAL.NS,,—,2026-07-22
BDL.NS,45801.98,—,2026-07-22
BEL.NS,297325.25,—,2026-07-22
BHARATRAS.NS,2131.32,—,2026-07-22
BRNL.NS,145.91,—,2026-07-22
BHARATWIRE.NS,1340.21,—,2026-07-22
BTTL.NS,290.93,—,2026-07-22
BIGBLOC.NS,665.55,—,2026-07-22
BIKAJI.NS,15953.1,—,2026-07-22
BILVYAPAR.NS,12.95,—,2026-07-22
BI.NS,,—,2026-07-22
GROWW.NS,126246.25,—,2026-07-22
BIMETAL.NS,248.74,—,2026-07-22
BIOFILCHEM.NS,54.4,—,2026-07-22
BIRLACABLE.NS,577.11,—,2026-07-22
BIRLAPREC.NS,,—,2026-07-22
BIRLANU.NS,1011.39,—,2026-07-22
BSOFT.NS,7899.52,—,2026-07-22
BBOX.NS,13868.72,—,2026-07-22
BLACKROSE.NS,,—,2026-07-22
BLBLIMITED.NS,82.84,—,2026-07-22
BLS.NS,9489.7,—,2026-07-22
BLUECOAST.NS,52.35,—,2026-07-22
BLUECHIP.NS,10.89,—,2026-07-22
BLUEDART.NS,11417.17,—,2026-07-22
BLUEPEBBLE.NS,107.73,—,2026-07-22
BLUESTONE.NS,11827.52,—,2026-07-22
BMWVENTLTD.NS,491.5,—,2026-07-22
BNAGROCHEM.NS,,—,2026-07-22
BODALCHEM.NS,822.67,—,2026-07-22
BTML.NS,109.02,—,2026-07-22
BOHRAIND.NS,13.47,—,2026-07-22
BOMDYEING.NS,2487.09,—,2026-07-22
BMETRICS.NS,152.69,—,2026-07-22
BSHSL.NS,913.9,—,2026-07-22
BONLON.NS,69.15,—,2026-07-22
BOSCH-HCIL.NS,3589.74,—,2026-07-22
BPL.NS,265.64,—,2026-07-22
FIRSTCRY.NS,10048.39,—,2026-07-22
BCONCEPTS.NS,234.55,—,2026-07-22
BRIGHOTEL.NS,2301.85,—,2026-07-22
BCG.NS,1917.6,—,2026-07-22
BSE.NS,147514.2,—,2026-07-22
BSL.NS,128.76,—,2026-07-22
CPS.NS,63.06,—,2026-07-22
CAMLINFINE.NS,2332.76,—,2026-07-22
CAMPUS.NS,6765.34,—,2026-07-22
CAMS.NS,19186.23,—,2026-07-22
CANFINHOME.NS,10916.01,—,2026-07-22
CANBK.NS,114707.46,—,2026-07-22
CANHLIFE.NS,14346.82,—,2026-07-22
CRAMC.NS,5320.66,—,2026-07-22
CANARYS.NS,309.43,—,2026-07-22
CAPACITE.NS,1836.33,—,2026-07-22
CAPILLARY.NS,3814.66,—,2026-07-22
CIFL.NS,817.7,—,2026-07-22
CARBORUNIV.NS,20361.85,—,2026-07-22
CPEDU.NS,342.61,—,2026-07-22
CARRARO.NS,3094.43,—,2026-07-22
CEATLTD.NS,13496.26,—,2026-07-22
CEIGALL.NS,5907.29,—,2026-07-22
CEINSYS.NS,1821.05,—,2026-07-22
CELEBRITY.NS,46.09,—,2026-07-22
CELLECOR.NS,6286.53,—,2026-07-22
CELLO.NS,7712.2,—,2026-07-22
CENTRALBK.NS,28222.27,—,2026-07-22
CMPDI.NS,,—,2026-07-22
CENTEXT.NS,151.12,—,2026-07-22
CEREBRAINT.NS,36.96,—,2026-07-22
CESC.NS,21797.68,—,2026-07-22
CGPOWER.NS,143775.14,—,2026-07-22
CMNL.NS,164.0,—,2026-07-22
CLSEL.NS,1401.52,—,2026-07-22
CHAMBLFERT.NS,17458.42,—,2026-07-22
CHEMBONDCH.NS,693.07,—,2026-07-22
CHEMCON.NS,649.57,—,2026-07-22
CHEMFAB.NS,524.64,—,2026-07-22
CHEMPLASTS.NS,3108.59,—,2026-07-22
CHOLAHLDNG.NS,28675.5,—,2026-07-22
CINELINE.NS,267.93,—,2026-07-22
CINEVISTA.NS,88.8,—,2026-07-22
CLEANMAX.NS,16049.21,—,2026-07-22
CLEAN.NS,7842.06,—,2026-07-22
CMICABLES.NS,4.78,—,2026-07-22
CMRGREEN.NS,,—,2026-07-22
CMSINFO.NS,4368.13,—,2026-07-22
COALINDIA.NS,264011.28,—,2026-07-22
COASTCORP.NS,339.98,—,2026-07-22
COCHINSHIP.NS,35981.56,—,2026-07-22
COFFEEDAY.NS,647.06,—,2026-07-22
COMFINTE.NS,,—,2026-07-22
COMPINFO.NS,10.04,—,2026-07-22
COMPUSOFT.NS,104.13,—,2026-07-22
CEWATER.NS,621.51,—,2026-07-22
CONTI.NS,47.13,—,2026-07-22
COOLCAPS.NS,4695.25,—,2026-07-22
CORALFINAC.NS,127.72,—,2026-07-22
CORDSCABLE.NS,268.3,—,2026-07-22
CORONA.NS,,—,2026-07-22
CCHHL.NS,208.25,—,2026-07-22
CRAYONS.NS,302.93,—,2026-07-22
CREATIVEYE.NS,12.14,—,2026-07-22
CGRAPHICS.NS,433.02,—,2026-07-22
MUFTI.NS,546.83,—,2026-07-22
CRIZAC.NS,3245.93,—,2026-07-22
CROMPTON.NS,16464.9,—,2026-07-22
CSBBANK.NS,5852.06,—,2026-07-22
CSLFINANCE.NS,482.72,—,2026-07-22
CUBEXTUB.NS,111.75,—,2026-07-22
CURAA.NS,70.29,—,2026-07-22
CYBERMEDIA.NS,31.24,—,2026-07-22
CMRSL.NS,42.46,—,2026-07-22
CYIENT.NS,8777.95,—,2026-07-22
DPWIRES.NS,263.04,—,2026-07-22
DLINKINDIA.NS,1590.26,—,2026-07-22
DKEGL.NS,58.56,—,2026-07-22
DABUR.NS,75659.07,—,2026-07-22
DAICHI.NS,,—,2026-07-22
DAMODARIND.NS,67.1,—,2026-07-22
DANGEE.NS,46.81,—,2026-07-22
DAVANGERE.NS,471.9,—,2026-07-22
DCI.NS,434.85,—,2026-07-22
DCG.NS,253.46,—,2026-07-22
DCM.NS,171.97,—,2026-07-22
DCMFINSERV.NS,11.06,—,2026-07-22
DCMNVL.NS,276.11,—,2026-07-22
DCMSHRIRAM.NS,15697.63,—,2026-07-22
DSFCL.NS,244.54,—,2026-07-22
DCMSIL.NS,722.47,—,2026-07-22
DCW.NS,1360.07,—,2026-07-22
DCXINDIA.NS,2036.48,—,2026-07-22
DENEERS.NS,171.27,—,2026-07-22
DIL.NS,13.34,—,2026-07-22
DECNGOLD.NS,,—,2026-07-22
DECCANCE.NS,790.23,—,2026-07-22
DEEPINDS.NS,3004.8,—,2026-07-22
DBEIL.NS,337.25,—,2026-07-22
DELAPLEX.NS,245.15,—,2026-07-22
DELHIVERY.NS,35025.79,—,2026-07-22
DELPHIFX.NS,167.76,—,2026-07-22
DELTACORP.NS,1683.21,—,2026-07-22
DELTAMAGNT.NS,63.22,—,2026-07-22
DEN.NS,1306.34,—,2026-07-22
DEVX.NS,322.6,—,2026-07-22
DEVIT.NS,150.49,—,2026-07-22
DEVYANI.NS,13640.01,—,2026-07-22
DBOL.NS,681.96,—,2026-07-22
DHANLAXMI.NS,89.8,—,2026-07-22
DHANUKA.NS,4500.18,—,2026-07-22
DHARMAJ.NS,880.59,—,2026-07-22
DHRUV.NS,48.36,—,2026-07-22
DTIL.NS,141.18,—,2026-07-22
DIAMINESQ.NS,250.1,—,2026-07-22
DTL.NS,153.9,—,2026-07-22
DGCONTENT.NS,140.99,—,2026-07-22
DIGIDRIVE.NS,69.4,—,2026-07-22
DIGIKORE.NS,632.46,—,2026-07-22
DIGISPICE.NS,393.63,—,2026-07-22
DIGJAMLMTD.NS,88.02,—,2026-07-22
DNAMEDIA.NS,33.31,—,2026-07-22
DBL.NS,6505.1,—,2026-07-22
DISAQ.NS,,—,2026-07-22
DISHTV.NS,532.12,—,2026-07-22
DCAL.NS,2918.99,—,2026-07-22
DHTL.NS,32.91,—,2026-07-22
DODLA.NS,6415.26,—,2026-07-22
DOLATALGO.NS,1209.3,—,2026-07-22
DOLLAR.NS,1454.48,—,2026-07-22
DOLLEX.NS,98.93,—,2026-07-22
DOLPHIN.NS,1514.97,—,2026-07-22
DONEAR.NS,440.02,—,2026-07-22
DRAGARWQ.NS,,—,2026-07-22
DRREDDY.NS,98492.97,—,2026-07-22
DRCSYSTEMS.NS,182.7,—,2026-07-22
DREAMFOLKS.NS,358.29,—,2026-07-22
DREDGECORP.NS,2790.76,—,2026-07-22
DRONE.NS,846.68,—,2026-07-22
DRSDILIP.NS,176.23,—,2026-07-22
KEEPLEARN.NS,27.25,—,2026-07-22
DUGLOBAL.NS,505.88,—,2026-07-22
DUCOL.NS,201.56,—,2026-07-22
DUCON.NS,98.45,—,2026-07-22
DURLAX.NS,140.23,—,2026-07-22
DWARKESH.NS,787.9,—,2026-07-22
DSSL.NS,1507.31,—,2026-07-22
DYNAMATECH.NS,6900.79,—,2026-07-22
EFACTOR.NS,277.47,—,2026-07-22
EASEMYTRIP.NS,2476.7,—,2026-07-22
ECOSMOBLTY.NS,776.28,—,2026-07-22
EDUCOMP.NS,11.51,—,2026-07-22
EFCIL.NS,2842.19,—,2026-07-22
EIHAHOTELS.NS,1927.41,—,2026-07-22
ELANTAS.NS,7411.59,—,2026-07-22
ELCIDIN.NS,,—,2026-07-22
ELDEHSG.NS,766.24,—,2026-07-22
ELECON.NS,9808.52,—,2026-07-22
EFORCE.NS,171.76,—,2026-07-22
ELECTCAST.NS,4405.8,—,2026-07-22
ELGIEQUIP.NS,18384.88,—,2026-07-22
ELIN.NS,502.06,—,2026-07-22
ELITECON.NS,,—,2026-07-22
ELPROINTL.NS,2958.26,—,2026-07-22
EMAMIREAL.NS,409.92,—,2026-07-22
EMKAY.NS,654.01,—,2026-07-22
EMKAYTOOLS.NS,943.29,—,2026-07-22
EMMBI.NS,167.58,—,2026-07-22
EMMVEE.NS,22293.51,—,2026-07-22
EMPOWER.NS,,—,2026-07-22
EMMIL.NS,391.33,—,2026-07-22
ENFUSE.NS,162.8,—,2026-07-22
ENGINERSIN.NS,12667.87,—,2026-07-22
ENSER.NS,1785.05,—,2026-07-22
ENIL.NS,510.12,—,2026-07-22
EPACKPEB.NS,2426.11,—,2026-07-22
ESABINDIA.NS,8907.94,—,2026-07-22
EASTSILK.NS,25.98,—,2026-07-22
ESSARSHPNG.NS,420.76,—,2026-07-22
ESFL.NS,386.87,—,2026-07-22
ESTER.NS,907.26,—,2026-07-22
EUREKAFORB.NS,8663.3,—,2026-07-22
EUROBOND.NS,403.49,—,2026-07-22
EUROPRATIK.NS,3126.3,—,2026-07-22
EUROTEXIND.NS,15.05,—,2026-07-22
EKC.NS,1253.81,—,2026-07-22
EXCELSOFT.NS,864.17,—,2026-07-22
EXPLEOSOL.NS,1243.36,—,2026-07-22
EXXARO.NS,283.66,—,2026-07-22
FACT.NS,52674.89,—,2026-07-22
FABTECH.NS,654.45,—,2026-07-22
FALCONTECH.NS,37.9,—,2026-07-22
FCSSOFT.NS,263.27,—,2026-07-22
FEDFINA.NS,5797.27,—,2026-07-22
FEDDERSHOL.NS,,—,2026-07-22
FELIX.NS,383.94,—,2026-07-22
FERMENTA.NS,,—,2026-07-22
FIDEL.NS,151.26,—,2026-07-22
FILATFASH.NS,150.01,—,2026-07-22
FINKURVE.NS,867.91,—,2026-07-22
FINCABLES.NS,15521.81,—,2026-07-22
FINPIPE.NS,10154.57,—,2026-07-22
FLAIR.NS,2631.2,—,2026-07-22
FLEXITUFF.NS,16.44,—,2026-07-22
FOCUS.NS,494.0,—,2026-07-22
FONEBOX.NS,202.38,—,2026-07-22
FORCEMOT.NS,22950.41,—,2026-07-22
FORTIS.NS,71709.7,—,2026-07-22
FRACTAL.NS,15396.04,—,2026-07-22
FRONTSP.NS,,—,2026-07-22
UTLSOLAR.NS,11611.63,—,2026-07-22
FCONSUMER.NS,55.92,—,2026-07-22
FELDVR.NS,126.05,—,2026-07-22
FEL.NS,18.78,—,2026-07-22
FLFL.NS,26.63,—,2026-07-22
FMNL.NS,61.82,—,2026-07-22
GMBREW.NS,2091.18,—,2026-07-22
GMDCLTD.NS,17815.95,—,2026-07-22
GNFC.NS,7437.4,—,2026-07-22
GRINFRA.NS,8551.21,—,2026-07-22
GSFC.NS,6223.42,—,2026-07-22
GATECH.NS,60.74,—,2026-07-22
GATECHDVR.NS,54.28,—,2026-07-22
GALLANTT.NS,13567.23,—,2026-07-22
GANESHCP.NS,707.75,—,2026-07-22
GGBL.NS,1195.16,—,2026-07-22
GANGAFORGE.NS,31.22,—,2026-07-22
GANGESSECU.NS,116.02,—,2026-07-22
GRSE.NS,29655.22,—,2026-07-22
GARUDA.NS,1613.25,—,2026-07-22
GATEWAY.NS,2881.45,—,2026-07-22
GAUDIUMIVF.NS,1151.2,—,2026-07-22
GAYAHWS.NS,46.01,—,2026-07-22
GVPIL.NS,5412.15,—,2026-07-22
GESHIP.NS,20490.3,—,2026-07-22
GVT&D.NS,114747.25,—,2026-07-22
GEEKAYWIRE.NS,252.83,—,2026-07-22
GEMAROMA.NS,932.9,—,2026-07-22
GICRE.NS,63412.79,—,2026-07-22
GENCON.NS,219.57,—,2026-07-22
GENSOL.NS,70.55,—,2026-07-22
GENUSPOWER.NS,8652.01,—,2026-07-22
GEOJITFSL.NS,2273.17,—,2026-07-22
GFLLIMITED.NS,496.63,—,2026-07-22
GHCL.NS,3931.49,—,2026-07-22
GICHSGFIN.NS,799.15,—,2026-07-22
GILLANDERS.NS,190.03,—,2026-07-22
GIRIRAJ.NS,861.62,—,2026-07-22
GKENERGY.NS,2811.45,—,2026-07-22
GKWLIMITED.NS,1002.37,—,2026-07-22
GLENMARK.NS,62081.35,—,2026-07-22
GLOBAL.NS,517.87,—,2026-07-22
GSLSU.NS,107.69,—,2026-07-22
GLOBALVECT.NS,209.83,—,2026-07-22
GLOBALE.NS,11.1,—,2026-07-22
GLOBECIVIL.NS,241.44,—,2026-07-22
GLOBE.NS,97.29,—,2026-07-22
GICL.NS,185.06,—,2026-07-22
GLOBUSSPR.NS,2554.64,—,2026-07-22
GLOTTIS.NS,617.81,—,2026-07-22
GMRP&UI.NS,7883.59,—,2026-07-22
EBGNG.NS,6219.33,—,2026-07-22
GODIGIT.NS,26163.32,—,2026-07-22
GOCOLORS.NS,1771.96,—,2026-07-22
GOACARBON.NS,339.0,—,2026-07-22
GODAVARIB.NS,1403.76,—,2026-07-22
GPIL.NS,15793.25,—,2026-07-22
GODFRYPHLP.NS,32325.66,—,2026-07-22
GODREJAGRO.NS,10951.05,—,2026-07-22
GOKULAGRO.NS,6261.15,—,2026-07-22
GOKUL.NS,385.39,—,2026-07-22
GOLDENTOBC.NS,45.09,—,2026-07-22
GOLDKART.NS,211.5,—,2026-07-22
GOLDSTAR.NS,297.27,—,2026-07-22
GOODYEAR.NS,1902.53,—,2026-07-22
GOPAL.NS,3237.6,—,2026-07-22
GOYALALUM.NS,92.78,—,2026-07-22
GOYALSALT.NS,312.54,—,2026-07-22
GPECO.NS,422.53,—,2026-07-22
GPTINFRA.NS,1485.04,—,2026-07-22
GRADIENTE.NS,93.74,—,2026-07-22
GRANDOAK.NS,,—,2026-07-22
GRAPHISAD.NS,97.6,—,2026-07-22
GRAPHITE.NS,12299.87,—,2026-07-22
GRAUWEIL.NS,3370.66,—,2026-07-22
GRAVISSHO.NS,,—,2026-07-22
GREENCHEF.NS,175.47,—,2026-07-22
GREENLAM.NS,6221.78,—,2026-07-22
GCSL.NS,1185.28,—,2026-07-22
BIRDYS.NS,37.5,—,2026-07-22
GRMOVER.NS,1870.62,—,2026-07-22
GROBTEA.NS,104.76,—,2026-07-22
GSPCROP.NS,2357.57,—,2026-07-22
GSS.NS,31.41,—,2026-07-22
GTL.NS,113.41,—,2026-07-22
GTLINFRA.NS,1575.52,—,2026-07-22
GTPL.NS,685.01,—,2026-07-22
GUJAPOLLO.NS,438.52,—,2026-07-22
GIPCL.NS,2467.16,—,2026-07-22
GPPL.NS,7191.52,—,2026-07-22
GAEL.NS,6638.34,—,2026-07-22
GLFL.NS,13.83,—,2026-07-22
GUJRAFFIA.NS,,—,2026-07-22
GUJTHEM.NS,3837.07,—,2026-07-22
GNRL.NS,,—,2026-07-22
GUJALKALI.NS,4555.66,—,2026-07-22
GUJGASLTD.NS,30684.84,—,2026-07-22
GKSL.NS,1004.07,—,2026-07-22
GULFOILLUB.NS,4868.33,—,2026-07-22
GULPOLY.NS,1162.39,—,2026-07-22
GVKPIL.NS,391.64,—,2026-07-22
GVPTECH.NS,110.3,—,2026-07-22
HDIL.NS,80.58,—,2026-07-22
HUDCO.NS,39701.68,—,2026-07-22
HGINFRA.NS,3565.51,—,2026-07-22
HALDER.NS,291.19,—,2026-07-22
HALDYNGL.NS,,—,2026-07-22
HGM.NS,59.25,—,2026-07-22
HARDWYN.NS,758.05,—,2026-07-22
HARIOMPIPE.NS,1194.87,—,2026-07-22
HARSHA.NS,3741.91,—,2026-07-22
HATHWAY.NS,1915.25,—,2026-07-22
HATSUN.NS,19882.51,—,2026-07-22
HAWKINCOOK.NS,4619.17,—,2026-07-22
HBESD.NS,,—,2026-07-22
HBSL.NS,34.0,—,2026-07-22
HBLENGINE.NS,19752.91,—,2026-07-22
HCL-INSYS.NS,380.9,—,2026-07-22
HDFCAMC.NS,109169.11,—,2026-07-22
HDFCBANK.NS,1159942.92,—,2026-07-22
HDFCLIFE.NS,120129.73,—,2026-07-22
HEADSUP.NS,15.17,—,2026-07-22
HEMIPROP.NS,3860.3,—,2026-07-22
HERANBA.NS,701.24,—,2026-07-22
HERCULES.NS,508.8,—,2026-07-22
HEXATRADEX.NS,866.79,—,2026-07-22
HEXAGON.NS,,—,2026-07-22
HITECH.NS,1741.28,—,2026-07-22
HILINFRA.NS,316.0,—,2026-07-22
HILTON.NS,110.19,—,2026-07-22
HCC.NS,5778.55,—,2026-07-22
HINDALCO.NS,210884.52,—,2026-07-22
HINDCON.NS,106.27,—,2026-07-22
HPIL.NS,139.05,—,2026-07-22
HINDCOPPER.NS,47311.65,—,2026-07-22
HINDZINC.NS,226223.59,—,2026-07-22
HINDWAREAP.NS,1786.27,—,2026-07-22
POWERINDIA.NS,142876.71,—,2026-07-22
HLVLTD.NS,473.35,—,2026-07-22
HMAAGRO.NS,1079.16,—,2026-07-22
HMT.NS,7234.18,—,2026-07-22
HONDAPOWER.NS,2148.61,—,2026-07-22
HPAL.NS,307.69,—,2026-07-22
HPL.NS,2202.93,—,2026-07-22
HUBTOWN.NS,2867.02,—,2026-07-22
HYBRIDFIN.NS,55.16,—,2026-07-22
IGPL.NS,1350.05,—,2026-07-22
IRCTC.NS,39524.0,—,2026-07-22
IRFC.NS,114205.67,—,2026-07-22
ICDSLTD.NS,51.46,—,2026-07-22
ICICIAMC.NS,154203.71,—,2026-07-22
ICICIGI.NS,79070.15,—,2026-07-22
ICRA.NS,4935.27,—,2026-07-22
IFBAGRO.NS,886.88,—,2026-07-22
IFCI.NS,19256.26,—,2026-07-22
IL&FSENGG.NS,375.4,—,2026-07-22
IL&FSTRANS.NS,68.42,—,2026-07-22
INCREDIBLE.NS,159.0,—,2026-07-22
INDBANK.NS,144.94,—,2026-07-22
BAJAJINDEF.NS,750.88,—,2026-07-22
INDGN.NS,11866.48,—,2026-07-22
IPL.NS,1739.89,—,2026-07-22
DPSCLTD.NS,711.84,—,2026-07-22
INDIASHLTR.NS,8387.79,—,2026-07-22
INDIAMART.NS,10945.24,—,2026-07-22
IEML.NS,503.19,—,2026-07-22
IMFA.NS,7391.71,—,2026-07-22
IREDA.NS,33620.88,—,2026-07-22
INDTERRAIN.NS,146.07,—,2026-07-22
IWP.NS,,—,2026-07-22
INDIFRA.NS,24.57,—,2026-07-22
INDIQUBE.NS,3702.54,—,2026-07-22
IITL.NS,292.15,—,2026-07-22
INDPRUD.NS,,—,2026-07-22
NIPPOBATRY.NS,245.92,—,2026-07-22
INDOTHAI.NS,2781.24,—,2026-07-22
INDOUS.NS,173.75,—,2026-07-22
WAAREEINDO.NS,1563.05,—,2026-07-22
INDOWIND.NS,149.25,—,2026-07-22
INDRAMEDCO.NS,3368.52,—,2026-07-22
IGL.NS,21193.22,—,2026-07-22
INDUSTOWER.NS,104129.44,—,2026-07-22
INFINIUM.NS,347.43,—,2026-07-22
INFOBEAN.NS,1532.44,—,2026-07-22
INFOLLION.NS,262.79,—,2026-07-22
INFOMEDIA.NS,28.21,—,2026-07-22
INFY.NS,425987.7,—,2026-07-22
INNOVANA.NS,678.06,—,2026-07-22
INNOVISION.NS,681.3,—,2026-07-22
INOXWIND.NS,13250.4,—,2026-07-22
INSECTICID.NS,1794.03,—,2026-07-22
INA.NS,2585.65,—,2026-07-22
INSPIRE.NS,44.91,—,2026-07-22
INSPIRISYS.NS,390.78,—,2026-07-22
ESSENTIA.NS,200.1,—,2026-07-22
IPSL.NS,137.7,—,2026-07-22
INTENTECH.NS,213.97,—,2026-07-22
INM.NS,388.24,—,2026-07-22
IGIL.NS,15058.61,—,2026-07-22
INTLCONV.NS,488.69,—,2026-07-22
ISFT.NS,117.71,—,2026-07-22
INVPRECQ.NS,,—,2026-07-22
INVENTURE.NS,94.5,—,2026-07-22
IRB.NS,23974.83,—,2026-07-22
IRCON.NS,11960.54,—,2026-07-22
IRIS.NS,488.39,—,2026-07-22
IRMENERGY.NS,1053.39,—,2026-07-22
ISGEC.NS,6422.8,—,2026-07-22
ISHANCH.NS,149.92,—,2026-07-22
ISHAN.NS,48.65,—,2026-07-22
ITALIANE.NS,49.58,—,2026-07-22
ITC.NS,351827.45,—,2026-07-22
ITCHOTELS.NS,34125.4,—,2026-07-22
ITI.NS,27022.44,—,2026-07-22
IVALUE.NS,1551.23,—,2026-07-22
IVP.NS,161.94,—,2026-07-22
JKIL.NS,3676.59,—,2026-07-22
JAGRAN.NS,1371.87,—,2026-07-22
JAIBALAJI.NS,5605.79,—,2026-07-22
JAICORPLTD.NS,1790.85,—,2026-07-22
JISLDVREQS.NS,1572.65,—,2026-07-22
JISLJALEQS.NS,2207.13,—,2026-07-22
JAINREC.NS,11591.43,—,2026-07-22
JAINAM.NS,147.86,—,2026-07-22
JALAN.NS,4.58,—,2026-07-22
JARO.NS,1061.18,—,2026-07-22
JAYSREETEA.NS,234.14,—,2026-07-22
JAYNECOIND.NS,8153.47,—,2026-07-22
JAYKAY.NS,2164.85,—,2026-07-22
JSLL.NS,6952.76,—,2026-07-22
JETKNIT.NS,53.0,—,2026-07-22
JHS.NS,63.28,—,2026-07-22
RETAIL.NS,14.05,—,2026-07-22
JINDRILL.NS,1709.89,—,2026-07-22
JINDALPHOT.NS,1092.97,—,2026-07-22
JINDALPOLY.NS,2835.83,—,2026-07-22
JPOLYINVST.NS,1116.68,—,2026-07-22
JINDALSTEL.NS,106327.51,—,2026-07-22
JKIPL.NS,371.46,—,2026-07-22
JIOFIN.NS,155041.77,—,2026-07-22
JIWANRAM.NS,35.88,—,2026-07-22
JKLAKSHMI.NS,7200.38,—,2026-07-22
JKTYRE.NS,11276.44,—,2026-07-22
JMFINANCIL.NS,11903.62,—,2026-07-22
JOCIL.NS,124.48,—,2026-07-22
COCKERILL.NS,,—,2026-07-22
JPPOWER.NS,11904.46,—,2026-07-22
JSWCEMENT.NS,18414.09,—,2026-07-22
JSWENERGY.NS,102924.89,—,2026-07-22
JSWHL.NS,12113.95,—,2026-07-22
JTEKTINDIA.NS,3662.75,—,2026-07-22
JTLIND.NS,2871.46,—,2026-07-22
JUBLCPL.NS,2852.76,—,2026-07-22
JUBLFOOD.NS,27438.18,—,2026-07-22
JMA.NS,202.19,—,2026-07-22
JUNIPER.NS,4281.17,—,2026-07-22
JWL.NS,10541.09,—,2026-07-22
JYOTISTRUC.NS,1281.99,—,2026-07-22
KPRMILL.NS,36471.8,—,2026-07-22
KPEL.NS,2080.38,—,2026-07-22
KALPATARU.NS,5628.88,—,2026-07-22
KALYANIFRG.NS,221.7,—,2026-07-22
KAMAHOLD.NS,,—,2026-07-22
KAMATHOTEL.NS,494.53,—,2026-07-22
KAMOPAINTS.NS,148.71,—,2026-07-22
KANANIIND.NS,29.68,—,2026-07-22
KANCHI.NS,,—,2026-07-22
KANDARP.NS,32.39,—,2026-07-22
KANSAINER.NS,16086.95,—,2026-07-22
KARMAENG.NS,44.07,—,2026-07-22
KARNIKA.NS,1930.29,—,2026-07-22
KLL.NS,184.84,—,2026-07-22
KAUSHALYA.NS,30.94,—,2026-07-22
KSCL.NS,4366.04,—,2026-07-22
KAVDEFENCE.NS,347.04,—,2026-07-22
KCEIL.NS,404.75,—,2026-07-22
KEC.NS,12766.95,—,2026-07-22
KEI.NS,47523.06,—,2026-07-22
KELLTONTEC.NS,770.54,—,2026-07-22
KENNAMET.NS,6047.53,—,2026-07-22
KHADIM.NS,173.93,—,2026-07-22
KHAITANLTD.NS,65.02,—,2026-07-22
KHAICHEM.NS,465.55,—,2026-07-22
KHANDSE.NS,26.68,—,2026-07-22
KHFM.NS,160.84,—,2026-07-22
KLBRENG-B.NS,,—,2026-07-22
KILITCH.NS,622.95,—,2026-07-22
KINGFA.NS,6867.84,—,2026-07-22
KIOCL.NS,21702.79,—,2026-07-22
KIRANVYPAR.NS,,—,2026-07-22
KIRLFER.NS,7754.64,—,2026-07-22
KIRLPNU.NS,10385.66,—,2026-07-22
KITEX.NS,2896.54,—,2026-07-22
KKVAPOW.NS,59.84,—,2026-07-22
KNRCON.NS,3419.53,—,2026-07-22
KOHINOOR.NS,87.19,—,2026-07-22
KOKUYOCMLN.NS,855.89,—,2026-07-22
KONTOR.NS,105.17,—,2026-07-22
KDL.NS,1952.7,—,2026-07-22
KOTAKBANK.NS,379109.51,—,2026-07-22
KOTIC.NS,,—,2026-07-22
KOTHARIPRO.NS,402.59,—,2026-07-22
KOTARISUG.NS,202.58,—,2026-07-22
KOTYARK.NS,376.75,—,2026-07-22
KOVAI.NS,6290.71,—,2026-07-22
KPIGREEN.NS,7841.65,—,2026-07-22
KPITTECH.NS,15105.89,—,2026-07-22
KRBL.NS,8018.01,—,2026-07-22
KREBSBIO.NS,115.31,—,2026-07-22
KRIDHANINF.NS,24.6,—,2026-07-22
KRISHCA.NS,484.16,—,2026-07-22
KRISHIVAL.NS,997.84,—,2026-07-22
KIMS.NS,31388.9,—,2026-07-22
KRITI.NS,345.69,—,2026-07-22
KRITINUT.NS,380.79,—,2026-07-22
KRITIKA.NS,148.85,—,2026-07-22
KRSNAA.NS,1757.2,—,2026-07-22
KSHINTL.NS,6055.33,—,2026-07-22
KSHITIJPOL.NS,23.14,—,2026-07-22
KSR.NS,54.77,—,2026-07-22
KEL.NS,148.79,—,2026-07-22
KPL.NS,,—,2026-07-22
KWIL.NS,7654.97,—,2026-07-22
LGBBROSLTD.NS,4936.68,—,2026-07-22
LTFOODS.NS,13148.73,—,2026-07-22
LTTS.NS,35357.77,—,2026-07-22
LAHOTIOV.NS,,—,2026-07-22
LFIC.NS,43.12,—,2026-07-22
LAKPRE.NS,11.6,—,2026-07-22
LANCORHOL.NS,182.77,—,2026-07-22
LPDC.NS,83.03,—,2026-07-22
LANDSMILL.NS,107.21,—,2026-07-22
LT.NS,525170.84,—,2026-07-22
LASA.NS,35.67,—,2026-07-22
LATTEYS.NS,115.74,—,2026-07-22
LAXMIDENTL.NS,1197.79,—,2026-07-22
LGHL.NS,1045.78,—,2026-07-22
LAXMIINDIA.NS,680.11,—,2026-07-22
LCCINFOTEC.NS,56.97,—,2026-07-22
LEMERITE.NS,254.59,—,2026-07-22
LEMONTREE.NS,8624.01,—,2026-07-22
LENSKART.NS,96848.1,—,2026-07-22
LEXUS.NS,30.1,—,2026-07-22
LGEINDIA.NS,103811.45,—,2026-07-22
LIBAS.NS,27.27,—,2026-07-22
LICHSGFIN.NS,29626.39,—,2026-07-22
LINCOLN.NS,1155.62,—,2026-07-22
LINDEINDIA.NS,58338.67,—,2026-07-22
LLOYDS.NS,255.34,—,2026-07-22
LOTUSEYE.NS,252.92,—,2026-07-22
LOVABLE.NS,106.75,—,2026-07-22
LUMAXTECH.NS,10055.31,—,2026-07-22
LUMAXIND.NS,4752.39,—,2026-07-22
LUXIND.NS,3685.59,—,2026-07-22
LYKALABS.NS,234.81,—,2026-07-22
LYPSAGEMS.NS,13.65,—,2026-07-22
MBEL.NS,1710.45,—,2026-07-22
MKPL.NS,159.57,—,2026-07-22
MTNL.NS,1744.47,—,2026-07-22
MCL.NS,143.07,—,2026-07-22
MVKAGRO.NS,88.53,—,2026-07-22
MAANALU.NS,689.11,—,2026-07-22
MCCHRLS-B.NS,,—,2026-07-22
MADHAVIPL.NS,,—,2026-07-22
MADHAV.NS,30.83,—,2026-07-22
MADHUCON.NS,38.89,—,2026-07-22
MADRASFERT.NS,1080.51,—,2026-07-22
MAFATIND.NS,942.58,—,2026-07-22
MAGNUM.NS,130.46,—,2026-07-22
MAHSEAMLES.NS,7710.99,—,2026-07-22
MAHAPEXLTD.NS,124.63,—,2026-07-22
MFML.NS,20.96,—,2026-07-22
MHLXMIRU.NS,144.39,—,2026-07-22
MAHASTEEL.NS,1307.93,—,2026-07-22
MGL.NS,10686.77,—,2026-07-22
MAHEPC.NS,299.61,—,2026-07-22
MHRIL.NS,4269.5,—,2026-07-22
MAITHANALL.NS,2844.49,—,2026-07-22
MAITREYA.NS,81.75,—,2026-07-22
MAJESAUT.NS,447.35,—,2026-07-22
MAKS.NS,43.62,—,2026-07-22
MALLCOM.NS,627.37,—,2026-07-22
MANINDS.NS,3859.99,—,2026-07-22
MANINFRA.NS,3980.56,—,2026-07-22
MANAKSIA.NS,373.48,—,2026-07-22
MANAKALUCO.NS,238.67,—,2026-07-22
MANAV.NS,26.71,—,2026-07-22
MEIL.NS,800.86,—,2026-07-22
MAL.NS,101.83,—,2026-07-22
MANGALAM.NS,43.08,—,2026-07-22
MWL.NS,1066.25,—,2026-07-22
MANUGRAPH.NS,45.25,—,2026-07-22
MARALOVER.NS,228.29,—,2026-07-22
MARATHON.NS,2620.22,—,2026-07-22
MARC.NS,,—,2026-07-22
MARCO.NS,95.36,—,2026-07-22
MARINETRAN.NS,34.36,—,2026-07-22
MARKOLINES.NS,399.65,—,2026-07-22
MARKSANS.NS,10925.78,—,2026-07-22
MARSONS.NS,1970.37,—,2026-07-22
MASKINVEST.NS,45.77,—,2026-07-22
MASON.NS,269.65,—,2026-07-22
MAXESTATES.NS,6405.64,—,2026-07-22
MFSL.NS,52317.22,—,2026-07-22
MAXIND.NS,845.53,—,2026-07-22
MAXPOSURE.NS,210.69,—,2026-07-22
MAZDOCK.NS,93075.9,—,2026-07-22
MAZDA.NS,443.31,—,2026-07-22
MBLINFRA.NS,384.07,—,2026-07-22
MCLEODRUSS.NS,560.93,—,2026-07-22
MCON.NS,136.58,—,2026-07-22
MEDIASSIST.NS,2600.74,—,2026-07-22
MMWL.NS,,—,2026-07-22
MEDICAMEQ.NS,332.56,—,2026-07-22
MEDICO.NS,316.75,—,2026-07-22
MEDPLUS.NS,8309.34,—,2026-07-22
MEESHO.NS,87760.03,—,2026-07-22
MEGAFLEX.NS,43.31,—,2026-07-22
MEGATHERM.NS,695.69,—,2026-07-22
MENNPIS.NS,,—,2026-07-22
MEP.NS,10.46,—,2026-07-22
MERCANTILE.NS,,—,2026-07-22
MERCURYEV.NS,668.9,—,2026-07-22
METROGLOBL.NS,161.93,—,2026-07-22
MICEL.NS,884.27,—,2026-07-22
MIDWESTLTD.NS,4542.52,—,2026-07-22
MILTON.NS,67.47,—,2026-07-22
MINDTECK.NS,630.14,—,2026-07-22
MIDHANI.NS,7534.82,—,2026-07-22
MITCON.NS,130.05,—,2026-07-22
MITTAL.NS,41.73,—,2026-07-22
MMTC.NS,9340.5,—,2026-07-22
MODTHREAD.NS,156.7,—,2026-07-22
MODINATUR.NS,549.55,—,2026-07-22
MODIRUBBER.NS,315.51,—,2026-07-22
MODIS.NS,799.32,—,2026-07-22
MHHL.NS,104.04,—,2026-07-22
MOHITIND.NS,31.84,—,2026-07-22
MOIL.NS,5494.1,—,2026-07-22
MOKSH.NS,91.87,—,2026-07-22
MONEYBOXX.NS,409.57,—,2026-07-22
MONOPHARMA.NS,72.18,—,2026-07-22
MONTECARLO.NS,1108.85,—,2026-07-22
MOS.NS,4686.64,—,2026-07-22
MOTOGENFIN.NS,107.06,—,2026-07-22
MOXSH.NS,147.89,—,2026-07-22
MSPL.NS,2010.43,—,2026-07-22
MTEDUCARE.NS,12.78,—,2026-07-22
MTARTECH.NS,18000.51,—,2026-07-22
MUKKA.NS,690.0,—,2026-07-22
MUKTAARTS.NS,127.36,—,2026-07-22
MCX.NS,71363.2,—,2026-07-22
MURUDCERA.NS,183.82,—,2026-07-22
RADIOCITY.NS,210.1,—,2026-07-22
MUTHOOTFIN.NS,121869.77,—,2026-07-22
NAGAFERT.NS,164.47,—,2026-07-22
NAGREEKCAP.NS,28.61,—,2026-07-22
NAGREEKEXP.NS,71.15,—,2026-07-22
NAHARCAP.NS,421.37,—,2026-07-22
NGIL.NS,69.48,—,2026-07-22
NAMAN.NS,123.78,—,2026-07-22
NDL.NS,337.3,—,2026-07-22
JAIPURKURT.NS,47.0,—,2026-07-22
NARMADA.NS,135.62,—,2026-07-22
NATCOPHARM.NS,16733.34,—,2026-07-22
NATHBIOGEN.NS,307.91,—,2026-07-22
NATIONSTD.NS,,—,2026-07-22
NATIONALUM.NS,62886.27,—,2026-07-22
NFL.NS,3476.73,—,2026-07-22
NATCAPSUQ.NS,148.58,—,2026-07-22
NAVA.NS,16178.12,—,2026-07-22
NAVKARCORP.NS,1489.69,—,2026-07-22
NBCC.NS,25579.8,—,2026-07-22
NCC.NS,8648.59,—,2026-07-22
NDLVENTURE.NS,423.93,—,2026-07-22
NDRAUTO.NS,1923.93,—,2026-07-22
NDTV.NS,857.69,—,2026-07-22
NECLIFE.NS,204.95,—,2026-07-22
NEAGI.NS,,—,2026-07-22
NELCAST.NS,1170.55,—,2026-07-22
NEPHROCARE.NS,387.1,—,2026-07-22
NEPHROPLUS.NS,6764.1,—,2026-07-22
NESCO.NS,7463.12,—,2026-07-22
NETWEB.NS,24420.15,—,2026-07-22
NETWORK18.NS,4441.95,—,2026-07-22
NEUEON.NS,929.59,—,2026-07-22
NEWJAISA.NS,437.79,—,2026-07-22
NEXTMEDIA.NS,25.35,—,2026-07-22
NIDAN.NS,45.87,—,2026-07-22
NILAINFRA.NS,284.39,—,2026-07-22
NILASPACES.NS,471.88,—,2026-07-22
NILE.NS,,—,2026-07-22
NIMBSPROJ.NS,374.78,—,2026-07-22
NIRAJ.NS,172.99,—,2026-07-22
NIRAJISPAT.NS,11.43,—,2026-07-22
NIRLON.NS,5645.9,—,2026-07-22
NIRMAN.NS,333.0,—,2026-07-22
NITINSPIN.NS,2999.62,—,2026-07-22
NITTAGELA.NS,1667.39,—,2026-07-22
NLCINDIA.NS,39879.67,—,2026-07-22
NMDC.NS,73271.0,—,2026-07-22
NSLNISP.NS,12378.88,—,2026-07-22
NOCIL.NS,2739.04,—,2026-07-22
NOIDATOLL.NS,82.11,—,2026-07-22
NORBTEAEXP.NS,106.48,—,2026-07-22
NECCLTD.NS,157.17,—,2026-07-22
NOVAAGRI.NS,205.61,—,2026-07-22
NOVARTIND.NS,4196.94,—,2026-07-22
NRBBEARING.NS,3820.69,—,2026-07-22
NTPC.NS,339868.15,—,2026-07-22
NTPCGREEN.NS,76932.39,—,2026-07-22
NUCLEUS.NS,1957.15,—,2026-07-22
ONGC.NS,316897.23,—,2026-07-22
ODIGMA.NS,71.08,—,2026-07-22
OILCOUNTUB.NS,315.14,—,2026-07-22
OLAELEC.NS,16203.3,—,2026-07-22
OLECTRA.NS,11046.43,—,2026-07-22
OMFREIGHT.NS,308.87,—,2026-07-22
OMINFRAL.NS,839.67,—,2026-07-22
OMPOWER.NS,,—,2026-07-22
OMAXAUTO.NS,481.14,—,2026-07-22
OMFURN.NS,76.53,—,2026-07-22
OMNI.NS,7180.67,—,2026-07-22
ONEPOINT.NS,1423.78,—,2026-07-22
OLIL.NS,32.24,—,2026-07-22
KISSHT.NS,5712.42,—,2026-07-22
ONESOURCE.NS,19167.09,—,2026-07-22
ONIDA.NS,1423.64,—,2026-07-22
ORCHASP.NS,57.51,—,2026-07-22
ORIANA.NS,4221.91,—,2026-07-22
ORICONENT.NS,867.21,—,2026-07-22
ORIENTBELL.NS,463.23,—,2026-07-22
ORIENTELEC.NS,3633.61,—,2026-07-22
GREENPOWER.NS,1214.09,—,2026-07-22
ORIENTPPR.NS,364.96,—,2026-07-22
ORIENTALTL.NS,39.11,—,2026-07-22
OBCL.NS,111.74,—,2026-07-22
ORISSAMINE.NS,2250.72,—,2026-07-22
ORKLAINDIA.NS,7740.58,—,2026-07-22
ORTINGLOBE.NS,12.42,—,2026-07-22
OSIAHYPER.NS,48.71,—,2026-07-22
OSWALAGRO.NS,508.32,—,2026-07-22
OSWALGREEN.NS,548.8,—,2026-07-22
OSWALPUMPS.NS,4062.56,—,2026-07-22
OWAIS.NS,2471.81,—,2026-07-22
PGHH.NS,29213.04,—,2026-07-22
PIIND.NS,40924.25,—,2026-07-22
PROPEQUITY.NS,307.07,—,2026-07-22
PACEDIGITK.NS,4281.41,—,2026-07-22
PAKKA.NS,343.73,—,2026-07-22
PALASHSECU.NS,89.38,—,2026-07-22
PALREDTEC.NS,57.92,—,2026-07-22
PANACEABIO.NS,2829.48,—,2026-07-22
PARAGMILK.NS,2731.19,—,2026-07-22
PARACABLES.NS,2068.15,—,2026-07-22
PARASPETRO.NS,66.51,—,2026-07-22
PARKHOSPS.NS,12163.17,—,2026-07-22
PARSVNATH.NS,87.91,—,2026-07-22
PARTYCRUS.NS,145.5,—,2026-07-22
PASHUPATI.NS,1368.31,—,2026-07-22
PASUPTAC.NS,518.58,—,2026-07-22
PATANJALI.NS,36569.08,—,2026-07-22
PATELENG.NS,2774.41,—,2026-07-22
PATELRMART.NS,717.74,—,2026-07-22
PATTECH.NS,75.98,—,2026-07-22
PML.NS,,—,2026-07-22
PAUSHAKLTD.NS,1347.25,—,2026-07-22
PAVNAIND.NS,229.53,—,2026-07-22
POLICYBZR.NS,71533.34,—,2026-07-22
PEARLPOLY.NS,29.07,—,2026-07-22
PENTAGON.NS,94.79,—,2026-07-22
PERFECT.NS,50.56,—,2026-07-22
PCCL.NS,770.02,—,2026-07-22
PWL.NS,37722.2,—,2026-07-22
PILANIINVS.NS,4818.86,—,2026-07-22
PINELABS.NS,16949.02,—,2026-07-22
PIONEEREMB.NS,67.76,—,2026-07-22
PIONRINV.NS,,—,2026-07-22
PIRAMALFIN.NS,48516.48,—,2026-07-22
PITTIENG.NS,3424.47,—,2026-07-22
PLAZACABLE.NS,185.07,—,2026-07-22
PNBGILTS.NS,1540.17,—,2026-07-22
PNGSREVA.NS,1312.63,—,2026-07-22
POLYCAB.NS,136934.79,—,2026-07-22
POLYSIL.NS,36.86,—,2026-07-22
POCL.NS,4103.0,—,2026-07-22
PFC.NS,136063.19,—,2026-07-22
POWERMECH.NS,8028.33,—,2026-07-22
POWERICA.NS,7011.61,—,2026-07-22
PRABHA.NS,2089.1,—,2026-07-22
PRADPME.NS,,—,2026-07-22
PRAJIND.NS,6002.42,—,2026-07-22
PRAENG.NS,137.42,—,2026-07-22
PRAKASH.NS,2219.0,—,2026-07-22
PRAKASHSTL.NS,70.18,—,2026-07-22
PRAMARA.NS,169.5,—,2026-07-22
PRATHAM.NS,536.97,—,2026-07-22
PRAVEG.NS,,—,2026-07-22
PRAXIS.NS,133.97,—,2026-07-22
PRECWIRE.NS,6803.2,—,2026-07-22
PRECAM.NS,1334.84,—,2026-07-22
PRECISION.NS,109.51,—,2026-07-22
PREMEXPLN.NS,3631.77,—,2026-07-22
PREMCO.NS,,—,2026-07-22
PREMIER.NS,9.22,—,2026-07-22
PREMIERENE.NS,46117.99,—,2026-07-22
PRLIND.NS,298.81,—,2026-07-22
PRESSTONIC.NS,102.91,—,2026-07-22
PRIMESECU.NS,921.82,—,2026-07-22
PRIMO.NS,547.45,—,2026-07-22
PRINCEPIPE.NS,2882.88,—,2026-07-22
PRSMJOHNSN.NS,5486.08,—,2026-07-22
PNC.NS,28.51,—,2026-07-22
PRITI.NS,50.46,—,2026-07-22
PRITIKA.NS,208.55,—,2026-07-22
PROSTARM.NS,730.93,—,2026-07-22
PROTEAN.NS,2374.31,—,2026-07-22
PROZONER.NS,636.2,—,2026-07-22
PRUDMOULI.NS,43.15,—,2026-07-22
PTC.NS,4964.36,—,2026-07-22
PFS.NS,1894.74,—,2026-07-22
PTL.NS,523.82,—,2026-07-22
PULZ.NS,228.22,—,2026-07-22
PURVA.NS,5104.88,—,2026-07-22
PURVFLEXI.NS,344.43,—,2026-07-22
PVP.NS,732.78,—,2026-07-22
PYRAMID.NS,594.58,—,2026-07-22
QPOWER.NS,8766.67,—,2026-07-22
QUESTLAB.NS,225.32,—,2026-07-22
QUICKHEAL.NS,848.11,—,2026-07-22
QUICKTOUCH.NS,159.52,—,2026-07-22
QUINT.NS,,—,2026-07-22
RCF.NS,6951.82,—,2026-07-22
RKSWAMY.NS,502.45,—,2026-07-22
RMDRIP.NS,793.51,—,2026-07-22
RSSOFTWARE.NS,83.95,—,2026-07-22
RSYSTEMS.NS,2832.09,—,2026-07-22
RNBDENIMS.NS,269.88,—,2026-07-22
RACE.NS,189.21,—,2026-07-22
RADAAN.NS,15.98,—,2026-07-22
RADIANTCMS.NS,399.41,—,2026-07-22
RVNL.NS,46518.88,—,2026-07-22
RAILTEL.NS,9304.0,—,2026-07-22
ROML.NS,66.97,—,2026-07-22
RAJTV.NS,62.35,—,2026-07-22
RAJPALAYAM.NS,,—,2026-07-22
RAJESHEXPO.NS,2635.2,—,2026-07-22
RCDL.NS,84.42,—,2026-07-22
RAJMET.NS,94.83,—,2026-07-22
RSL.NS,1117.8,—,2026-07-22
RAJSREESUG.NS,102.26,—,2026-07-22
RAJVIR.NS,3.06,—,2026-07-22
RALLIS.NS,4428.25,—,2026-07-22
RAMASTEEL.NS,701.86,—,2026-07-22
RBS.NS,212.61,—,2026-07-22
RAMKY.NS,2611.52,—,2026-07-22
RANASUG.NS,181.06,—,2026-07-22
RATNAMANI.NS,17375.11,—,2026-07-22
RATNAVEER.NS,1252.4,—,2026-07-22
RTNINDIA.NS,4425.74,—,2026-07-22
RTNPOWER.NS,4629.03,—,2026-07-22
RKDL.NS,46.1,—,2026-07-22
RAYMONDLSL.NS,4331.62,—,2026-07-22
RBLBANK.NS,55051.24,—,2026-07-22
RBMINFRA.NS,418.59,—,2026-07-22
REDTAPE.NS,7185.95,—,2026-07-22
REFEX.NS,4272.33,—,2026-07-22
REFRACTORY.NS,442.87,—,2026-07-22
REGAAL.NS,798.16,—,2026-07-22
REGENCERAM.NS,89.66,—,2026-07-22
RIIL.NS,1129.1,—,2026-07-22
RCOM.NS,232.21,—,2026-07-22
RHFL.NS,96.61,—,2026-07-22
RELIANCE.NS,1743794.39,—,2026-07-22
RELINFRA.NS,2576.44,—,2026-07-22
RPOWER.NS,9996.16,—,2026-07-22
REMSONSIND.NS,279.04,—,2026-07-22
REMUS.NS,2252.28,—,2026-07-22
REPCOHOME.NS,2454.91,—,2026-07-22
RESPONIND.NS,4771.76,—,2026-07-22
RBA.NS,46923.62,—,2026-07-22
RVTH.NS,213.9,—,2026-07-22
REXPIPES.NS,81.18,—,2026-07-22
RHETAN.NS,2269.5,—,2026-07-22
RKEC.NS,61.68,—,2026-07-22
RMC.NS,277.43,—,2026-07-22
RHL.NS,295.93,—,2026-07-22
ROCKINGDCE.NS,416.3,—,2026-07-22
ROLEXRINGS.NS,3909.07,—,2026-07-22
ROLLT.NS,52.28,—,2026-07-22
ROSSARI.NS,2751.3,—,2026-07-22
ROHLTD.NS,860.6,—,2026-07-22
RPPINFRA.NS,306.84,—,2026-07-22
RRIL.NS,,—,2026-07-22
RSDFIN.NS,,—,2026-07-22
RUBFILA.NS,395.23,—,2026-07-22
RUBICON.NS,24209.11,—,2026-07-22
RUCHINFRA.NS,139.49,—,2026-07-22
RUCHIRA.NS,320.45,—,2026-07-22
RUDRA.NS,168.18,—,2026-07-22
REPL.NS,116.8,—,2026-07-22
S&SPOWER.NS,422.14,—,2026-07-22
SAIL.NS,66906.25,—,2026-07-22
SCI.NS,12520.68,—,2026-07-22
SCHAND.NS,526.65,—,2026-07-22
SJLOGISTIC.NS,696.61,—,2026-07-22
SPIC.NS,1336.7,—,2026-07-22
STCINDIA.NS,710.16,—,2026-07-22
SALSTEEL.NS,824.88,—,2026-07-22
SAATVIKGL.NS,5653.0,—,2026-07-22
SABEVENTS.NS,8.12,—,2026-07-22
SABAR.NS,51.22,—,2026-07-22
SADBHAV.NS,132.62,—,2026-07-22
SADBHIN.NS,82.77,—,2026-07-22
SADHAV.NS,310.3,—,2026-07-22
SAFARI.NS,7734.44,—,2026-07-22
SAGARDEEP.NS,41.89,—,2026-07-22
SAHAJSOLAR.NS,869.87,—,2026-07-22
SAHYADRI.NS,307.37,—,2026-07-22
SAIPARENT.NS,2434.5,—,2026-07-22
KALAMANDIR.NS,1276.2,—,2026-07-22
SAKHTISUG.NS,203.52,—,2026-07-22
SAKUMA.NS,257.11,—,2026-07-22
SECL.NS,218.25,—,2026-07-22
SALASAR.NS,1036.53,—,2026-07-22
SALONA.NS,135.88,—,2026-07-22
SALZERELEC.NS,1023.21,—,2026-07-22
SAMBHAAV.NS,116.0,—,2026-07-22
SAIFL.NS,477.88,—,2026-07-22
SAMHI.NS,3635.68,—,2026-07-22
SAMMAANCAP.NS,18791.37,—,2026-07-22
SAMPANN.NS,133.54,—,2026-07-22
SANCO.NS,2.98,—,2026-07-22
SANDESH.NS,736.62,—,2026-07-22
SANDHAR.NS,3615.29,—,2026-07-22
SANDUMA.NS,9476.13,—,2026-07-22
SANGANI.NS,62.0,—,2026-07-22
SANOFICONR.NS,10644.72,—,2026-07-22
SANSTAR.NS,2132.46,—,2026-07-22
SANWARIA.NS,29.13,—,2026-07-22
SAPPHIRE.NS,5806.12,—,2026-07-22
SARTELE.NS,1127.52,—,2026-07-22
ZSARACOM.NS,,—,2026-07-22
SSDL.NS,206.35,—,2026-07-22
SARDAEN.NS,17597.92,—,2026-07-22
SAROJA.NS,16.48,—,2026-07-22
SMLT.NS,91.21,—,2026-07-22
SARVESHWAR.NS,427.37,—,2026-07-22
SASKEN.NS,2893.63,—,2026-07-22
SAURASHCEM.NS,643.69,—,2026-07-22
SAYAJIHOTL.NS,525.54,—,2026-07-22
SBILIFE.NS,181259.17,—,2026-07-22
SCANSTL.NS,,—,2026-07-22
SEAMECLTD.NS,3497.21,—,2026-07-22
SECURKLOUD.NS,59.74,—,2026-07-22
SEDEMAC.NS,12257.36,—,2026-07-22
SEJALLTD.NS,858.98,—,2026-07-22
SELMC.NS,94.36,—,2026-07-22
SEMAC.NS,96.95,—,2026-07-22
SEPC.NS,1169.25,—,2026-07-22
STYL.NS,6298.29,—,2026-07-22
SESHAPAPER.NS,1391.41,—,2026-07-22
SETUINFRA.NS,5.67,—,2026-07-22
SEYAIND.NS,37.3,—,2026-07-22
SGFIN.NS,4386.3,—,2026-07-22
SGMART.NS,8327.15,—,2026-07-22
SAPPL.NS,,—,2026-07-22
SHBAJRG.NS,,—,2026-07-22
SHREERAMA.NS,541.88,—,2026-07-22
RENUKA.NS,4686.93,—,2026-07-22
SHADOWFAX.NS,12707.29,—,2026-07-22
SHAHALLOYS.NS,131.42,—,2026-07-22
SHAH.NS,429.7,—,2026-07-22
SHAKTIPUMP.NS,6632.64,—,2026-07-22
SHALBY.NS,1757.23,—,2026-07-22
SAHLIBHFI.NS,238.12,—,2026-07-22
SRD.NS,241.54,—,2026-07-22
BUILDPRO.NS,2939.02,—,2026-07-22
SHANTHALA.NS,44.94,—,2026-07-22
SHANTIGEAR.NS,3171.68,—,2026-07-22
SEIL.NS,,—,2026-07-22
SHANTIGOLD.NS,1490.87,—,2026-07-22
SHINDL.NS,,—,2026-07-22
SHARDACROP.NS,7877.6,—,2026-07-22
SHARDAMOTR.NS,4813.93,—,2026-07-22
SHARDUL.NS,519.62,—,2026-07-22
SCML.NS,148.89,—,2026-07-22
SHEKHAWATI.NS,41.71,—,2026-07-22
SHIGAN.NS,229.7,—,2026-07-22
SHILCTECH.NS,4763.7,—,2026-07-22
SCILAL.NS,1956.36,—,2026-07-22
SHIVAMILLS.NS,52.97,—,2026-07-22
SHIVATEX.NS,205.25,—,2026-07-22
SPCL.NS,789.43,—,2026-07-22
SHIVAMAUTO.NS,217.88,—,2026-07-22
SHREEKARNI.NS,551.62,—,2026-07-22
SRPL.NS,8.74,—,2026-07-22
SRTL.NS,163.9,—,2026-07-22
RAMANEWS.NS,420.34,—,2026-07-22
TIRUPATI.NS,757.73,—,2026-07-22
BALAJEE.NS,228.32,—,2026-07-22
SHREEJISPG.NS,10200.31,—,2026-07-22
OSWALSEEDS.NS,91.93,—,2026-07-22
SHRENIK.NS,21.42,—,2026-07-22
SHREYANIND.NS,186.48,—,2026-07-22
SHRIKRISH.NS,,—,2026-07-22
SHRITECH.NS,174.28,—,2026-07-22
SHRINGARMS.NS,2122.76,—,2026-07-22
SHRIRAMFIN.NS,249130.19,—,2026-07-22
SHRIRAMPPS.NS,1458.75,—,2026-07-22
SHUBHLAXMI.NS,35.63,—,2026-07-22
SHYAMCENT.NS,110.54,—,2026-07-22
SHYAMTEL.NS,17.48,—,2026-07-22
SICAGEN.NS,202.57,—,2026-07-22
ENRIN.NS,120133.69,—,2026-07-22
SIGMA.NS,393.22,—,2026-07-22
SIGNATURE.NS,10988.99,—,2026-07-22
SIGIND.NS,130.55,—,2026-07-22
SIKA.NS,,—,2026-07-22
SILINV.NS,445.77,—,2026-07-22
SILGO.NS,195.41,—,2026-07-22
SILKFLEX.NS,85.37,—,2026-07-22
SILLYMONKS.NS,16.52,—,2026-07-22
SIMBHALS.NS,29.62,—,2026-07-22
SIMPLEXINF.NS,1915.29,—,2026-07-22
SINCLAIR.NS,380.81,—,2026-07-22
SINDHUTRAD.NS,3862.53,—,2026-07-22
SINGERIND.NS,,—,2026-07-22
SIRCA.NS,2240.31,—,2026-07-22
SITINET.NS,36.96,—,2026-07-22
SJVN.NS,26981.98,—,2026-07-22
SKFINDIA.NS,7417.67,—,2026-07-22
SKFINDUS.NS,13528.7,—,2026-07-22
SKIL.NS,19.92,—,2026-07-22
SKIPPER.NS,5986.74,—,2026-07-22
SKP.NS,365.12,—,2026-07-22
SLONE.NS,84.3,—,2026-07-22
SMSPHARMA.NS,3620.12,—,2026-07-22
SNOWMAN.NS,613.17,—,2026-07-22
SOFTTECH.NS,573.27,—,2026-07-22
SOLARA.NS,2586.71,—,2026-07-22
SOLARWORLD.NS,1694.88,—,2026-07-22
SOLEX.NS,1029.05,—,2026-07-22
SDBL.NS,1545.54,—,2026-07-22
SOMANYCERA.NS,2065.4,—,2026-07-22
SOMICONVEY.NS,120.12,—,2026-07-22
SONAMAC.NS,266.01,—,2026-07-22
SONAL.NS,,—,2026-07-22
SONAMLTD.NS,214.41,—,2026-07-22
SONUINFRA.NS,78.65,—,2026-07-22
SOTAC.NS,170.23,—,2026-07-22
SPCENET.NS,204.38,—,2026-07-22
SPARC.NS,6943.46,—,2026-07-22
SPENCERS.NS,310.36,—,2026-07-22
SRHHYPOLTD.NS,831.81,—,2026-07-22
HAVISHA.NS,18.27,—,2026-07-22
LOTUSDEV.NS,7951.53,—,2026-07-22
STARCEMENT.NS,8314.4,—,2026-07-22
STARTECK.NS,262.18,—,2026-07-22
STEELCITY.NS,113.77,—,2026-07-22
STEELXIND.NS,1498.73,—,2026-07-22
SWSOLAR.NS,4788.53,—,2026-07-22
SGL.NS,27.19,—,2026-07-22
STLNETWORK.NS,1200.18,—,2026-07-22
STAR.NS,9592.41,—,2026-07-22
STUDDS.NS,1750.64,—,2026-07-22
SUDARCOLOR.NS,832.91,—,2026-07-22
SUDEEPPHRM.NS,9598.37,—,2026-07-22
SUKHJITS.NS,512.21,—,2026-07-22
SULA.NS,1254.46,—,2026-07-22
SUMMITSEC.NS,1602.72,—,2026-07-22
SUNTV.NS,19341.67,—,2026-07-22
SUNDARMFIN.NS,48716.17,—,2026-07-22
SUNDARAM.NS,59.71,—,2026-07-22
SUNDROP.NS,2457.27,—,2026-07-22
SUNFLAG.NS,6312.19,—,2026-07-22
SUNTECK.NS,4268.7,—,2026-07-22
SUPREME.NS,173.56,—,2026-07-22
SUPREMEINF.NS,875.38,—,2026-07-22
SUPREMEPWR.NS,764.73,—,2026-07-22
SUPRIYA.NS,6762.16,—,2026-07-22
SURAJLTD.NS,415.34,—,2026-07-22
SURAJEST.NS,931.73,—,2026-07-22
SURAKSHA.NS,1352.02,—,2026-07-22
SURANASOL.NS,129.36,—,2026-07-22
SURANAT&P.NS,244.91,—,2026-07-22
SURANI.NS,508.19,—,2026-07-22
SBGLP.NS,442.56,—,2026-07-22
SURYAROSNI.NS,5125.33,—,2026-07-22
SURYALAXMI.NS,104.91,—,2026-07-22
SURYALA.NS,,—,2026-07-22
SUVIDHAA.NS,54.05,—,2026-07-22
SUZLON.NS,72856.72,—,2026-07-22
SWANCORP.NS,9692.09,—,2026-07-22
SWARAJENG.NS,4358.28,—,2026-07-22
SWASTIK.NS,157.16,—,2026-07-22
SWELECTES.NS,943.28,—,2026-07-22
SYLVANPLY.NS,234.14,—,2026-07-22
SYMPHONY.NS,4767.17,—,2026-07-22
SYNCOMF.NS,1239.86,—,2026-07-22
SYNGENE.NS,16328.07,—,2026-07-22
SYSTANGO.NS,371.71,—,2026-07-22
SYSTMTXC.NS,828.14,—,2026-07-22
TNPL.NS,990.47,—,2026-07-22
TNTELE.NS,41.3,—,2026-07-22
TARIL.NS,9219.59,—,2026-07-22
TTL.NS,166.35,—,2026-07-22
TAALTECH.NS,,—,2026-07-22
TAKE.NS,301.81,—,2026-07-22
TAMBOLIIN.NS,,—,2026-07-22
TAPIFRUIT.NS,57.69,—,2026-07-22
TARACHAND.NS,437.32,—,2026-07-22
TARAPUR.NS,34.24,—,2026-07-22
TARC.NS,3621.13,—,2026-07-22
TARMAT.NS,126.12,—,2026-07-22
TATACAP.NS,146466.83,—,2026-07-22
TATACHEM.NS,17620.22,—,2026-07-22
TATACOMM.NS,50202.85,—,2026-07-22
TATACONSUM.NS,108357.0,—,2026-07-22
TATAELXSI.NS,21222.97,—,2026-07-22
TATAINVEST.NS,32507.48,—,2026-07-22
TMCV.NS,149306.52,—,2026-07-22
TMPV.NS,120678.25,—,2026-07-22
TATAPOWER.NS,120959.57,—,2026-07-22
TATASTEEL.NS,232637.37,—,2026-07-22
TATATECH.NS,28929.16,—,2026-07-22
TTML.NS,7937.01,—,2026-07-22
TBI.NS,571.72,—,2026-07-22
TCC.NS,,—,2026-07-22
TCIFINANCE.NS,19.86,—,2026-07-22
TDPOWERSYS.NS,18133.43,—,2026-07-22
TEAMGTY.NS,199.49,—,2026-07-22
TEAMLEASE.NS,2243.7,—,2026-07-22
TPHQ.NS,44.95,—,2026-07-22
TECHNOE.NS,11748.58,—,2026-07-22
TIIL.NS,5735.76,—,2026-07-22
TECHNVISN.NS,,—,2026-07-22
TECILCHEM.NS,18.32,—,2026-07-22
TEGA.NS,11775.52,—,2026-07-22
TEJASNET.NS,9252.38,—,2026-07-22
TEMBO.NS,813.73,—,2026-07-22
TENNIND.NS,,—,2026-07-22
TERASOFT.NS,485.09,—,2026-07-22
TEXMOPIPES.NS,125.42,—,2026-07-22
THACKER.NS,,—,2026-07-22
THAKDEV.NS,,—,2026-07-22
BBTC.NS,10442.06,—,2026-07-22
BYKE.NS,171.16,—,2026-07-22
HITECHGEAR.NS,1117.81,—,2026-07-22
THEINVEST.NS,503.46,—,2026-07-22
PKTEA.NS,230.15,—,2026-07-22
THEMISMED.NS,1005.28,—,2026-07-22
TIRUMALCHM.NS,1998.64,—,2026-07-22
THOMASCOOK.NS,4818.33,—,2026-07-22
THOMASCOTT.NS,427.2,—,2026-07-22
TIGERLOGS.NS,330.92,—,2026-07-22
TIMESCAN.NS,44.2,—,2026-07-22
TIMEX.NS,5613.83,—,2026-07-22
TIMKEN.NS,23115.47,—,2026-07-22
TIPSFILMS.NS,135.13,—,2026-07-22
TIPSMUSIC.NS,7961.99,—,2026-07-22
TITAGARH.NS,11039.21,—,2026-07-22
TOKYOPLAST.NS,76.84,—,2026-07-22
TOLINS.NS,412.16,—,2026-07-22
TOTAL.NS,80.34,—,2026-07-22
TOUCHWOOD.NS,74.98,—,2026-07-22
TRACXN.NS,321.29,—,2026-07-22
TREL.NS,606.38,—,2026-07-22
TRANSPEK.NS,572.19,—,2026-07-22
TRANSRAILL.NS,6469.8,—,2026-07-22
TRANSTEEL.NS,149.66,—,2026-07-22
TFL.NS,58.59,—,2026-07-22
TRANSWIND.NS,14.55,—,2026-07-22
TRANSWORLD.NS,357.34,—,2026-07-22
TREEHOUSE.NS,26.4,—,2026-07-22
TREJHARA.NS,339.3,—,2026-07-22
TRENT.NS,153960.16,—,2026-07-22
TRF.NS,256.51,—,2026-07-22
TECHLABS.NS,1225.23,—,2026-07-22
TRIGYN.NS,164.03,—,2026-07-22
TRIVENI.NS,6071.0,—,2026-07-22
TRITURBINE.NS,19506.04,—,2026-07-22
TRUALT.NS,3692.51,—,2026-07-22
TRU.NS,58.96,—,2026-07-22
TRUST.NS,417.77,—,2026-07-22
TIINDIA.NS,56206.43,—,2026-07-22
TUNWAL.NS,336.23,—,2026-07-22
TURTLEMINT.NS,,—,2026-07-22
TVVISION.NS,18.48,—,2026-07-22
TVSSRICHAK.NS,3029.82,—,2026-07-22
TICL.NS,150.35,—,2026-07-22
USK.NS,122.56,—,2026-07-22
UFO.NS,260.51,—,2026-07-22
UGARSUGAR.NS,442.24,—,2026-07-22
UGROCAP.NS,1450.22,—,2026-07-22
UEL.NS,1619.72,—,2026-07-22
UWCSL.NS,46.29,—,2026-07-22
ULTRAMAR.NS,1112.52,—,2026-07-22
UMA.NS,67.61,—,2026-07-22
UMAEXPORTS.NS,66.71,—,2026-07-22
UNIECOM.NS,955.9,—,2026-07-22
UNIENTER.NS,692.12,—,2026-07-22
UNITECH.NS,1172.1,—,2026-07-22
UNIDT.NS,456.7,—,2026-07-22
UNITEDTEA.NS,236.61,—,2026-07-22
UNITEDPOLY.NS,662.38,—,2026-07-22
UPL.NS,51397.25,—,2026-07-22
USASEEDS.NS,281.43,—,2026-07-22
URAVIDEF.NS,129.86,—,2026-07-22
URBANCO.NS,19137.02,—,2026-07-22
URBAN.NS,319.77,—,2026-07-22
URJA.NS,508.73,—,2026-07-22
UTIAMC.NS,11690.86,—,2026-07-22
UTTAMSUGAR.NS,888.66,—,2026-07-22
VIPIND.NS,4161.46,—,2026-07-22
VR.NS,159.84,—,2026-07-22
VGUARD.NS,12883.92,—,2026-07-22
VMARCIND.NS,2647.69,—,2026-07-22
V2RETAIL.NS,8071.62,—,2026-07-22
VAKRANGEE.NS,629.33,—,2026-07-22
VALIANTLAB.NS,341.03,—,2026-07-22
VALIANTORG.NS,745.58,—,2026-07-22
DBREALTY.NS,6182.89,—,2026-07-22
VARDHACRLC.NS,346.93,—,2026-07-22
VARDMNPOLY.NS,291.26,—,2026-07-22
VTL.NS,18137.11,—,2026-07-22
VBL.NS,155001.45,—,2026-07-22
VGL.NS,319.12,—,2026-07-22
VASA.NS,3.87,—,2026-07-22
VASCONEQ.NS,753.71,—,2026-07-22
VASWANI.NS,173.87,—,2026-07-22
VCL.NS,18.74,—,2026-07-22
MANYAVAR.NS,9907.4,—,2026-07-22
VEDL.NS,102422.94,—,2026-07-22
VAML.NS,168347.2,—,2026-07-22
VISL.NS,12278.62,—,2026-07-22
VOGL.NS,12993.03,—,2026-07-22
VEDPOWER.NS,13812.9,—,2026-07-22
VEEDOL.NS,2362.29,—,2026-07-22
VEEKAYEM.NS,122.77,—,2026-07-22
VELJAN.NS,,—,2026-07-22
VENTIVE.NS,14368.65,—,2026-07-22
VERANDA.NS,2244.3,—,2026-07-22
VERITAAS.NS,38.68,—,2026-07-22
VERTEXPLUS.NS,92.41,—,2026-07-22
VERTOZ.NS,300.69,—,2026-07-22
VESUVIUS.NS,9376.79,—,2026-07-22
VETO.NS,234.14,—,2026-07-22
VIAZ.NS,69.22,—,2026-07-22
VSTL.NS,210.67,—,2026-07-22
VHLTD.NS,893.57,—,2026-07-22
VIDYAWIRES.NS,1921.46,—,2026-07-22
VIJAYA.NS,13511.37,—,2026-07-22
VIKASECO.NS,154.11,—,2026-07-22
VIKASLIFE.NS,241.5,—,2026-07-22
VIKRAMSOLR.NS,6716.96,—,2026-07-22
VIKRAN.NS,1813.63,—,2026-07-22
VILAS.NS,1201.23,—,2026-07-22
VILINBIO.NS,25.11,—,2026-07-22
VINATIORGA.NS,13632.56,—,2026-07-22
VINDHYATEL.NS,2242.3,—,2026-07-22
VINNY.NS,49.78,—,2026-07-22
VINYLINDIA.NS,447.79,—,2026-07-22
VIPCLOTHNG.NS,195.85,—,2026-07-22
VIRINCHI.NS,177.18,—,2026-07-22
VISACHROME.NS,553.42,—,2026-07-22
VIVIDHA.NS,15.22,—,2026-07-22
VISAMAN.NS,54.14,—,2026-07-22
VMM.NS,52473.62,—,2026-07-22
VPRPL.NS,337.01,—,2026-07-22
VISHNUINFR.NS,540.06,—,2026-07-22
VISHWARAJ.NS,114.8,—,2026-07-22
VISHWAS.NS,86.75,—,2026-07-22
VITAL.NS,114.49,—,2026-07-22
VIVIANA.NS,736.26,—,2026-07-22
VIVIMEDLAB.NS,42.37,—,2026-07-22
VIVO.NS,16.32,—,2026-07-22
VIYASH.NS,11206.19,—,2026-07-22
VLEGOV.NS,118.32,—,2026-07-22
VMSTMT.NS,218.97,—,2026-07-22
IDEA.NS,146696.47,—,2026-07-22
VOLTAMP.NS,9509.08,—,2026-07-22
VSTIND.NS,3936.8,—,2026-07-22
VSTTILLERS.NS,3843.47,—,2026-07-22
WSI.NS,462.43,—,2026-07-22
WAAREEENER.NS,77585.32,—,2026-07-22
WAKEFIT.NS,4600.87,—,2026-07-22
WALCHANNAG.NS,1673.99,—,2026-07-22
WEWIN.NS,46.28,—,2026-07-22
WEBELSOLAR.NS,4377.67,—,2026-07-22
WEIZMANIND.NS,121.01,—,2026-07-22
WELSPLSOL.NS,,—,2026-07-22
WCIL.NS,921.06,—,2026-07-22
WEWORK.NS,9911.28,—,2026-07-22
WHEELS.NS,3468.27,—,2026-07-22
WHIRLPOOL.NS,9612.95,—,2026-07-22
WILLAMAGOR.NS,27.95,—,2026-07-22
WIMPLAST.NS,,—,2026-07-22
WINDMACHIN.NS,3083.09,—,2026-07-22
WINNY.NS,62.93,—,2026-07-22
WINSOL.NS,437.01,—,2026-07-22
WINSOME.NS,16.57,—,2026-07-22
WIPRO.NS,172560.12,—,2026-07-22
WOCKPHARMA.NS,30247.92,—,2026-07-22
WOMANCART.NS,174.08,—,2026-07-22
WONDERLA.NS,2991.65,—,2026-07-22
WPIL.NS,,—,2026-07-22
XCHANGING.NS,713.99,—,2026-07-22
XELPMOC.NS,118.57,—,2026-07-22
XTGLOBAL.NS,380.11,—,2026-07-22
YASHOPTICS.NS,243.69,—,2026-07-22
YCCL.NS,48.26,—,2026-07-22
YESBANK.NS,72944.14,—,2026-07-22
YUDIZ.NS,62.9,—,2026-07-22
ZFSTEERING.NS,600.2,—,2026-07-22
ZTECH.NS,391.0,—,2026-07-22
ZAGGLE.NS,2739.47,—,2026-07-22
ZEAL.NS,252.22,—,2026-07-22
ZEEMEDIA.NS,517.13,—,2026-07-22
ZENITHEXPO.NS,107.28,—,2026-07-22
ZFCVINDIA.NS,26940.04,—,2026-07-22
ZODIACLOTH.NS,210.08,—,2026-07-22
ZODIAC.NS,,—,2026-07-22
ZOTA.NS,3874.69,—,2026-07-22
ANANTAM.NS,,—,2026-07-22
ANDREWYU.NS,1556.4,—,2026-07-22
BCP.NS,,—,2026-07-22
BAGMANE.NS,,—,2026-07-22
CAPINVIT.NS,,—,2026-07-22
CITIUSINVT.NS,,—,2026-07-22
HINDMOTORS.NS,431.72,—,2026-07-22
KRT.NS,,—,2026-07-22
LANCER.NS,,—,2026-07-22
PADMALAYAT.NS,,—,2026-07-22
RIIT.NS,,—,2026-07-22
ROADSTAR.NS,,—,2026-07-22
SPICEJET.NS,,—,2026-07-22
VIKASPROP.NS,,—,2026-07-22
VISHAL.NS,434.93,—,2026-07-22
WATERBASE.NS,310.74,—,2026-07-22
